{"cameraMode":{"drawMode":0,"name":"Shaded","section":"Shading Mode"},"sceneLighting":true,"audioPlay":false,"sceneViewState":{"m_AlwaysRefresh":true,"showFog":true,"showSkybox":true,"showFlares":true,"showImageEffects":true,"showParticleSystems":true,"showVisualEffectGraphs":true,"m_FxEnabled":true},"in2DMode":false,"pivot":{"x":-1.9241746664047242,"y":2.164395809173584,"z":8.521393775939942},"rotation":{"x":0.14155519008636475,"y":0.08009389042854309,"z":-0.011483617126941681,"w":0.9866292476654053},"size":9.799334526062012,"orthographic":false}