{"cameraMode":{"drawMode":0,"name":"Shaded","section":"Shading Mode"},"sceneLighting":true,"audioPlay":false,"sceneViewState":{"m_AlwaysRefresh":true,"showFog":true,"showSkybox":true,"showFlares":true,"showImageEffects":true,"showParticleSystems":true,"showVisualEffectGraphs":true,"m_FxEnabled":true},"in2DMode":false,"pivot":{"x":-0.4382022023200989,"y":3.830299139022827,"z":5.46192741394043},"rotation":{"x":0.08784753829240799,"y":0.21053782105445863,"z":-0.018999706953763963,"w":0.9734469652175903},"size":9.799334526062012,"orthographic":false}